{"base_lr": 0.01, "lr": 0.01, "data_time": 0.03908092975616455, "grad_norm": 8.475101280212403, "loss": 2.0664341896772385, "top1_acc": 0.3333333333333333, "top5_acc": 0.4166666666666667, "loss_cls": 2.0664341896772385, "time": 0.3034985661506653, "epoch": 1, "iter": 20, "memory": 10367, "step": 20}
{"base_lr": 0.01, "lr": 0.01, "data_time": 0.003913712501525879, "grad_norm": 6.556094586849213, "loss": 1.8266298443078994, "top1_acc": 0.5, "top5_acc": 0.5, "loss_cls": 1.8266298443078994, "time": 0.266393780708313, "epoch": 1, "iter": 40, "memory": 10367, "step": 40}
{"base_lr": 0.01, "lr": 0.01, "data_time": 0.004052019119262696, "grad_norm": 4.277456974983215, "loss": 1.805551564693451, "top1_acc": 0.5833333333333334, "top5_acc": 0.5833333333333334, "loss_cls": 1.805551564693451, "time": 0.2628823757171631, "epoch": 1, "iter": 60, "memory": 10367, "step": 60}
{"base_lr": 0.01, "lr": 0.01, "data_time": 0.003914177417755127, "grad_norm": 2.36795614361763, "loss": 1.7227197587490082, "top1_acc": 0.9166666666666666, "top5_acc": 0.9166666666666666, "loss_cls": 1.7227197587490082, "time": 0.2629850745201111, "epoch": 1, "iter": 80, "memory": 10367, "step": 80}
{"base_lr": 0.01, "lr": 0.01, "data_time": 0.0038570523262023925, "grad_norm": 3.306404137611389, "loss": 1.9327016711235045, "top1_acc": 0.4166666666666667, "top5_acc": 0.5833333333333334, "loss_cls": 1.9327016711235045, "time": 0.25777057409286497, "epoch": 1, "iter": 100, "memory": 10367, "step": 100}
{"base_lr": 0.01, "lr": 0.01, "data_time": 0.0037329435348510743, "grad_norm": 1.8880280256271362, "loss": 1.738031592965126, "top1_acc": 0.5, "top5_acc": 0.75, "loss_cls": 1.738031592965126, "time": 0.2579137206077576, "epoch": 1, "iter": 120, "memory": 10367, "step": 120}
{"base_lr": 0.01, "lr": 0.01, "data_time": 0.003859293460845947, "grad_norm": 1.5763740509748458, "loss": 1.6515588015317917, "top1_acc": 0.6666666666666666, "top5_acc": 0.75, "loss_cls": 1.6515588015317917, "time": 0.25990294218063353, "epoch": 1, "iter": 140, "memory": 10367, "step": 140}
{"base_lr": 0.01, "lr": 0.01, "data_time": 0.0037867546081542967, "grad_norm": 2.145731136202812, "loss": 1.8899185240268708, "top1_acc": 0.5833333333333334, "top5_acc": 0.75, "loss_cls": 1.8899185240268708, "time": 0.26099547147750857, "epoch": 1, "iter": 160, "memory": 10367, "step": 160}
{"base_lr": 0.01, "lr": 0.01, "data_time": 0.004042351245880127, "grad_norm": 1.7477010667324067, "loss": 1.703447651863098, "top1_acc": 0.75, "top5_acc": 0.75, "loss_cls": 1.703447651863098, "time": 0.2738919258117676, "epoch": 1, "iter": 180, "memory": 10367, "step": 180}
{"base_lr": 0.01, "lr": 0.01, "data_time": 0.0039563775062561035, "grad_norm": 2.6851935207843782, "loss": 1.7208282321691513, "top1_acc": 0.6666666666666666, "top5_acc": 0.75, "loss_cls": 1.7208282321691513, "time": 0.27749977111816404, "epoch": 1, "iter": 200, "memory": 10367, "step": 200}
{"base_lr": 0.01, "lr": 0.01, "data_time": 0.0038021564483642577, "grad_norm": 2.221350109577179, "loss": 1.6222987353801728, "top1_acc": 0.5, "top5_acc": 0.6666666666666666, "loss_cls": 1.6222987353801728, "time": 0.28044437170028685, "epoch": 1, "iter": 220, "memory": 10367, "step": 220}
{"base_lr": 0.01, "lr": 0.01, "data_time": 0.003694438934326172, "grad_norm": 2.352661299705505, "loss": 1.697814792394638, "top1_acc": 0.5833333333333334, "top5_acc": 0.6666666666666666, "loss_cls": 1.697814792394638, "time": 0.2814612865447998, "epoch": 1, "iter": 240, "memory": 10367, "step": 240}
{"base_lr": 0.01, "lr": 0.01, "data_time": 0.003783702850341797, "grad_norm": 2.185746121406555, "loss": 1.5177818447351457, "top1_acc": 0.5, "top5_acc": 0.75, "loss_cls": 1.5177818447351457, "time": 0.2815035700798035, "epoch": 1, "iter": 260, "memory": 10367, "step": 260}
{"base_lr": 0.01, "lr": 0.01, "data_time": 0.003802192211151123, "grad_norm": 2.5180384874343873, "loss": 1.7034866392612458, "top1_acc": 0.5833333333333334, "top5_acc": 0.9166666666666666, "loss_cls": 1.7034866392612458, "time": 0.28249717950820924, "epoch": 1, "iter": 280, "memory": 10367, "step": 280}
{"base_lr": 0.01, "lr": 0.01, "data_time": 0.003956055641174317, "grad_norm": 2.552132248878479, "loss": 1.6949025869369507, "top1_acc": 0.5833333333333334, "top5_acc": 0.9166666666666666, "loss_cls": 1.6949025869369507, "time": 0.2715265154838562, "epoch": 1, "iter": 300, "memory": 10367, "step": 300}
{"base_lr": 0.01, "lr": 0.01, "data_time": 0.004030609130859375, "grad_norm": 2.426190769672394, "loss": 1.5472230195999146, "top1_acc": 0.5833333333333334, "top5_acc": 1.0, "loss_cls": 1.5472230195999146, "time": 0.2714137315750122, "epoch": 1, "iter": 320, "memory": 10367, "step": 320}
{"base_lr": 0.01, "lr": 0.01, "data_time": 0.003957343101501465, "grad_norm": 3.877946841716766, "loss": 1.4162211269140244, "top1_acc": 0.4166666666666667, "top5_acc": 0.75, "loss_cls": 1.4162211269140244, "time": 0.27181549072265626, "epoch": 1, "iter": 340, "memory": 10367, "step": 340}
{"base_lr": 0.01, "lr": 0.01, "data_time": 0.003881239891052246, "grad_norm": 4.083198839426041, "loss": 1.5596699863672256, "top1_acc": 0.8333333333333334, "top5_acc": 0.9166666666666666, "loss_cls": 1.5596699863672256, "time": 0.2715179204940796, "epoch": 1, "iter": 360, "memory": 10367, "step": 360}
{"base_lr": 0.01, "lr": 0.01, "data_time": 0.0040278792381286625, "grad_norm": 4.045961725711822, "loss": 1.251439855992794, "top1_acc": 0.6666666666666666, "top5_acc": 0.9166666666666666, "loss_cls": 1.251439855992794, "time": 0.2716193199157715, "epoch": 1, "iter": 380, "memory": 10367, "step": 380}
{"base_lr": 0.01, "lr": 0.01, "data_time": 0.003948831558227539, "grad_norm": 4.208248001337052, "loss": 1.3418532967567445, "top1_acc": 0.8333333333333334, "top5_acc": 1.0, "loss_cls": 1.3418532967567445, "time": 0.2642989277839661, "epoch": 1, "iter": 400, "memory": 10367, "step": 400}
{"base_lr": 0.01, "lr": 0.01, "data_time": 0.00398106575012207, "grad_norm": 3.894380784034729, "loss": 1.414171689748764, "top1_acc": 0.5, "top5_acc": 0.9166666666666666, "loss_cls": 1.414171689748764, "time": 0.2605977773666382, "epoch": 1, "iter": 420, "memory": 10367, "step": 420}
{"base_lr": 0.01, "lr": 0.01, "data_time": 0.004007649421691894, "grad_norm": 3.987842357158661, "loss": 1.2865771010518074, "top1_acc": 0.5, "top5_acc": 0.5833333333333334, "loss_cls": 1.2865771010518074, "time": 0.2609875798225403, "epoch": 1, "iter": 440, "memory": 10367, "step": 440}
{"base_lr": 0.01, "lr": 0.01, "data_time": 0.003953588008880615, "grad_norm": 5.879669415950775, "loss": 1.4918027579784394, "top1_acc": 0.6666666666666666, "top5_acc": 0.9166666666666666, "loss_cls": 1.4918027579784394, "time": 0.26075652837753294, "epoch": 1, "iter": 460, "memory": 10367, "step": 460}
{"base_lr": 0.01, "lr": 0.01, "data_time": 0.003932726383209228, "grad_norm": 4.461290621757508, "loss": 1.2993339389562606, "top1_acc": 0.6666666666666666, "top5_acc": 1.0, "loss_cls": 1.2993339389562606, "time": 0.2607809782028198, "epoch": 1, "iter": 480, "memory": 10367, "step": 480}
{"base_lr": 0.01, "lr": 0.01, "data_time": 0.003920495510101318, "grad_norm": 6.062000644207001, "loss": 1.2364736661314963, "top1_acc": 0.5833333333333334, "top5_acc": 0.9166666666666666, "loss_cls": 1.2364736661314963, "time": 0.26108431816101074, "epoch": 1, "iter": 500, "memory": 10367, "step": 500}
