{"lr": 0.001, "data_time": 0.04049122333526611, "grad_norm": 53.66406488418579, "loss": 2.14364892244339, "top1_acc": 0.6666666666666666, "top5_acc": 0.75, "loss_cls": 2.14364892244339, "time": 0.1836857557296753, "epoch": 1, "iter": 20, "memory": 3131, "step": 20}
{"lr": 0.001, "data_time": 0.0034930586814880373, "grad_norm": 23.85511827468872, "loss": 1.981399992108345, "top1_acc": 0.5833333333333334, "top5_acc": 0.75, "loss_cls": 1.981399992108345, "time": 0.13980821371078492, "epoch": 1, "iter": 40, "memory": 3131, "step": 40}
{"lr": 0.001, "data_time": 0.0031893134117126467, "grad_norm": 15.364203453063965, "loss": 1.8383905708789825, "top1_acc": 0.5833333333333334, "top5_acc": 0.6666666666666666, "loss_cls": 1.8383905708789825, "time": 0.13997694253921508, "epoch": 1, "iter": 60, "memory": 3131, "step": 60}
{"lr": 0.001, "data_time": 0.003100430965423584, "grad_norm": 13.096357154846192, "loss": 1.821807187795639, "top1_acc": 0.4166666666666667, "top5_acc": 0.5833333333333334, "loss_cls": 1.821807187795639, "time": 0.14000370502471923, "epoch": 1, "iter": 80, "memory": 3131, "step": 80}
{"lr": 0.001, "data_time": 0.0031742572784423826, "grad_norm": 10.897629499435425, "loss": 1.818076667189598, "top1_acc": 0.5, "top5_acc": 0.8333333333333334, "loss_cls": 1.818076667189598, "time": 0.13991328477859497, "epoch": 1, "iter": 100, "memory": 3131, "step": 100}
